{
    "time": 102.16174983978271,
    "memory": 17.052806
}