{
    "time": 99.90289688110352,
    "memory": 13.92887
}